{"meta":{"version":85,"isLayout":true,"template":"blick","colorSetId":"quinn","ogImageAlt":"","faviconPath":"hashfiles-7-Aq210xMPjjsO6xNe.png","ogImagePath":"hashfiles-10-mePO3WwPV4tK22aw.png","headerHeight":130,"defaultLocale":"system","faviconOrigin":"assets","ogImageOrigin":"assets","demoEcwidStoreId":"26103239","demoEcommerceStoreId":"demo_01G0E9P2R0CFTNBWEEFCEV8EG5","shouldAddWWWPrefixToDomain":false},"fonts":[{"type":"google","family":"Rubik","weights":[300,400,700]},{"type":"google","family":"Montserrat","weights":[]}],"forms":{"subscribeForm":{"name":"Subscribe form","token":"dWxpp6zGOXHakxNvn8qzA8r1VMJY4ZMJ"}},"styles":{"h1":{"color":"var(--colors-dark)","font-size":"100px","font-style":"normal","font-family":"var(--font-primary)","font-weight":700,"line-height":"1.","m-font-size":"64px","letter-spacing":"normal","text-transform":"none","text-decoration":"none"},"h2":{"color":"var(--colors-dark)","font-size":"64px","font-style":"normal","font-family":"var(--font-primary)","font-weight":700,"line-height":"1.2","m-font-size":"36px","letter-spacing":"normal","text-transform":"none","text-decoration":"none"},"h3":{"color":"var(--colors-dark)","font-size":"48px","font-style":"normal","font-family":"var(--font-primary)","font-weight":700,"line-height":"1.2","m-font-size":"32px","letter-spacing":"normal","text-transform":"none","text-decoration":"none"},"h4":{"color":"var(--colors-dark)","font-size":"32px","font-style":"normal","font-family":"var(--font-primary)","font-weight":700,"line-height":"1.2","m-font-size":"28px","letter-spacing":"normal","text-transform":"none","text-decoration":"none"},"h5":{"color":"var(--colors-dark)","font-size":"24px","font-style":"normal","font-family":"var(--font-primary)","font-weight":700,"line-height":"1.2","m-font-size":"24px","letter-spacing":"normal","text-transform":"none","text-decoration":"none"},"h6":{"color":"var(--colors-dark)","font-size":"20px","font-style":"normal","font-family":"var(--font-primary)","font-weight":400,"line-height":"1.2","m-font-size":"20px","letter-spacing":"normal","text-transform":"none","text-decoration":"none"},"body":{"color":"var(--colors-dark)","font-size":"16px","font-style":"normal","font-family":"var(--font-primary)","font-weight":300,"line-height":"1.6","m-font-size":"16px","letter-spacing":"normal","text-transform":"none","text-decoration":"none"},"font":{"primary":"'Rubik', sans-serif","secondary":"'Montserrat', sans-serif"},"colors":{"dark":"#333333","light":"#FBFBFB","danger":"#EA5D5C","primary":"#808780","success":"#4dbd74","warning":"#ffc107","accent-1":"#A9C4AE","accent-2":"#CCB8AE","grey-100":"#F1F1F1","grey-200":"#DDDDDD","grey-300":"#C9C9C9","grey-400":"#B5B5B5","grey-500":"#A1A1A1","grey-600":"#888888","grey-700":"#747474","grey-800":"#565656","grey-900":"#383838","secondary":"#BEC5BD","primary-dark":"#686E68","accent-1-dark":"#8CB093","accent-2-dark":"#B89C8E","primary-light":"#9BA19B","accent-1-light":"#C9DACC","accent-2-light":"#DFD3CD","primary-accent":"#8E948E","secondary-dark":"#A4AEA3","accent-1-accent":"#B9CFBD","accent-2-accent":"#D6C5BD","secondary-light":"#DADED9","secondary-accent":"#CCD2CB"},"nav-link":{"color":"var(--colors-dark)","font-size":"16px","font-style":"normal","font-family":"var(--font-primary)","font-weight":400,"line-height":"1.8","m-font-size":"16px","letter-spacing":"normal","text-transform":"none","text-decoration":"none"},"body-large":{"color":"var(--colors-dark)","font-size":"18px","font-style":"normal","font-family":"var(--font-primary)","font-weight":400,"line-height":"1.6","m-font-size":"18px","letter-spacing":"normal","text-transform":"none","text-decoration":"none"},"body-small":{"color":"var(--colors-dark)","font-size":"14px","font-style":"normal","font-family":"var(--font-primary)","font-weight":300,"line-height":"1.6","m-font-size":"14px","letter-spacing":"normal","text-transform":"none","text-decoration":"none"},"grid-button-primary":{"color":"var(--colors-light)","font-size":"16px","padding-x":"40px","padding-y":"16px","font-style":"normal","border-null":"","color-hover":"var(--colors-light)","font-family":"var(--font-primary)","font-weight":400,"line-height":"normal","m-font-size":"14px","m-padding-x":"36px","m-padding-y":"14px","border-color":"transparent","border-width":"0","box-shadow-x":"0px","box-shadow-y":"0px","border-radius":"50px","letter-spacing":"normal","text-transform":"none","box-shadow-blur":"0px","box-shadow-null":"","m-border-radius":"50px","text-decoration":"none","background-color":"var(--colors-primary)","box-shadow-color":"transparent","border-null-hover":"","box-shadow-spread":"0px","border-color-hover":"transparent","border-width-hover":"0px","box-shadow-x-hover":"0px","box-shadow-y-hover":"0px","transition-duration":"0.2s","background-color-null":"","box-shadow-blur-hover":"0px","box-shadow-null-hover":"","background-color-hover":"var(--colors-primary-dark)","box-shadow-color-hover":"0px","box-shadow-spread-hover":"0px","transition-timing-function":"ease","background-color-null-hover":""},"grid-button-secondary":{"color":"var(--colors-light)","font-size":"16px","padding-x":"40px","padding-y":"16px","font-style":"normal","border-null":"","color-hover":"var(--colors-light)","font-family":"var(--font-primary)","font-weight":400,"line-height":"normal","m-font-size":"14px","m-padding-x":"36px","m-padding-y":"14px","border-color":"transparent","border-width":"0","box-shadow-x":"0px","box-shadow-y":"0px","border-radius":"50px","letter-spacing":"normal","text-transform":"none","box-shadow-blur":"0px","box-shadow-null":"","m-border-radius":"50px","text-decoration":"none","background-color":"var(--colors-secondary)","box-shadow-color":"transparent","border-null-hover":"","box-shadow-spread":"0px","border-color-hover":"transparent","border-width-hover":"0px","box-shadow-x-hover":"0px","box-shadow-y-hover":"0px","transition-duration":"0.2s","background-color-null":"","box-shadow-blur-hover":"0px","box-shadow-null-hover":"none","background-color-hover":"var(--colors-secondary-light)","box-shadow-color-hover":"0px","box-shadow-spread-hover":"0px","transition-timing-function":"ease","background-color-null-hover":""}},"languages":{"system":{"nav":[{"isHidden":true,"linkType":"Page","subItems":[],"navItemId":"home","linkedPageId":"home"},{"isHidden":true,"linkType":"Page","subItems":[],"navItemId":"zbVoF2","linkedPageId":"zbVoF2"},{"isHidden":true,"linkType":"Page","subItems":[],"navItemId":"zSbp7u","linkedPageId":"zSbp7u"}],"pages":{"home":{"name":"Home","slug":"","type":"default","blocks":["ztIhP7","zORlYa","zS3xAE","zoub2s","zMwqHc","z_G1BY","zMjgF2"]},"zSbp7u":{"name":"Terms & Conditions","slug":"terms-and-conditions","type":"default","blocks":["zPHB0m","zrlyTE"]},"zbVoF2":{"name":"Privacy Policy","slug":"privacy-policy","type":"default","blocks":["zX7MOW","zzrJUA"]}},"blocks":{"header":{"type":"BlockNavigation","settings":{"styles":{"width":"1240px","padding":"24px 16px 24px 16px","m-padding":"24px 16px 24px 16px","logo-width":"112px","cartIconSize":"24px","m-logo-width":"70px","oldContentWidth":"1600px","menu-item-spacing":"40px","space-between-menu":"64px","m-menu-item-spacing":"20px","contrastBackgroundColor":"#dcdcdc"},"cartText":"Shopping bag","isSticky":true,"showLogo":true,"isCartVisible":true,"logoImagePath":"logo_black-AE0xqKEXpLtVQXnM.svg","logoPlacement":"left","logoImageOrigin":"assets","m-logoPlacement":"left","navigationPlacement":"right","m-navigationPlacement":"right"},"background":{"color":"var(--colors-light)","current":"color","isTransparent":false},"components":[]},"zMjgF2":{"type":"BlockLayout","htmlId":"download","mobile":{"minHeight":1067},"desktop":{"minHeight":880},"settings":{"styles":{"rows":14,"width":"1224px","row-gap":"16px","row-size":"48px","column-gap":"24px","block-padding":"0px 0px 0px 0px","m-block-padding":"88px 0px 0px 0px","oldContentWidth":"1600px"}},"zindexes":["z169jn","zpoCr1","zpxWOi","zNfJDB"],"background":{"path":null,"color":"rgb(33, 33, 33)","image":null,"origin":null,"current":"color"},"components":["zpoCr1","zpxWOi","zNfJDB","z169jn"]},"zMwqHc":{"type":"BlockLayout","mobile":{"minHeight":1316},"desktop":{"minHeight":752},"settings":{"styles":{"rows":12,"width":"1224px","row-gap":"16px","row-size":"48px","column-gap":"24px","block-padding":"0px 0px 0px 0px","m-block-padding":"0px 16px 82px 16px","oldContentWidth":"1600px"}},"zindexes":["zURBdw","zgE1qk","zQ8HIo","zKpEkr","zpNF_L","zxZAjQ"],"background":{"color":"var(--colors-dark)","current":"color"},"components":["zKpEkr","zgE1qk","zURBdw","zQ8HIo","zpNF_L","zxZAjQ"]},"zORlYa":{"type":"BlockLayout","mobile":{"minHeight":760},"desktop":{"minHeight":592},"settings":{"styles":{"rows":9,"width":"1224px","row-gap":"16px","row-size":"48px","column-gap":"24px","block-padding":"16px 0px 16px 0px","m-block-padding":"60px 16px 72px 16px","oldContentWidth":"1600px"}},"zindexes":["zH7F5w","zcJcEm","zD7AJL","zst2Gi"],"background":{"color":"var(--colors-light)","current":"color"},"components":["zst2Gi","zcJcEm","zD7AJL","zH7F5w"]},"zPHB0m":{"type":"BlockLayout","mobile":{"minHeight":175},"desktop":{"minHeight":304},"settings":{"styles":{"rows":5,"width":"1224px","row-gap":"16px","row-size":"48px","column-gap":"24px","block-padding":"0px 0px 0px 0px","m-block-padding":"36px 0px 0px 0px","oldContentWidth":"1600px"}},"zindexes":["zclvOC"],"background":{"path":"gradient_1-AGBjrE8Wxpc68qqN.svg","color":"var(--colors-dark)","origin":"assets","current":"image"},"components":["zclvOC"]},"zS3xAE":{"type":"BlockLayout","mobile":{"minHeight":774},"desktop":{"minHeight":656},"settings":{"styles":{"rows":10,"width":"1224px","row-gap":"16px","row-size":"48px","column-gap":"24px","block-padding":"16px 0px 16px 0px","m-block-padding":"60px 16px 60px 16px","oldContentWidth":"1600px"}},"zindexes":["zg47jk","za1PQ1","zQDUPd","zfzi_q"],"background":{"color":"var(--colors-accent-1-light)","current":"color"},"components":["zfzi_q","za1PQ1","zQDUPd","zg47jk"]},"zWNhn9":{"slot":"footer","type":"BlockLayout","mobile":{"minHeight":589},"desktop":{"minHeight":400},"settings":{"styles":{"cols":"12","rows":6,"width":"1224px","m-rows":"1","col-gap":"24px","row-gap":"16px","row-size":"48px","column-gap":"24px","block-padding":"16px 0 16px 0","m-block-padding":"52px 16px 40px 16px","oldContentWidth":"1600px"}},"zindexes":["zWvrt0","zM1u98","z3fvyB","zqJnIg","zf1Gfa"],"background":{"color":"var(--colors-light)","current":"color"},"components":["zqJnIg","z3fvyB","zf1Gfa","zWvrt0","zM1u98"]},"zX7MOW":{"type":"BlockLayout","mobile":{"minHeight":175},"desktop":{"minHeight":304},"settings":{"styles":{"rows":5,"width":"1224px","row-gap":"16px","row-size":"48px","column-gap":"24px","block-padding":"0px 0px 0px 0px","m-block-padding":"36px 0px 0px 0px","oldContentWidth":"1600px"}},"zindexes":["z0naLO"],"background":{"path":"gradient_1-AGBjrE8Wxpc68qqN.svg","color":"var(--colors-dark)","origin":"assets","current":"image"},"components":["z0naLO"]},"z_G1BY":{"type":"BlockLayout","mobile":{"minHeight":533},"desktop":{"minHeight":339},"settings":{"styles":{"rows":5,"width":"1224px","row-gap":"16px","row-size":"48px","column-gap":"24px","block-padding":"16px 0px 16px 0px","m-block-padding":"50px 16px 40px 16px","oldContentWidth":"1600px"}},"zindexes":["ztJoMQ","zzYEVU","z5fhvR","zn86UL","zBSWFG","ziWgKB"],"background":{"color":"var(--colors-accent-2)","current":"color"},"components":["ztJoMQ","zzYEVU","z5fhvR","zBSWFG","ziWgKB","zn86UL"]},"zoub2s":{"type":"BlockLayout","mobile":{"minHeight":720},"desktop":{"minHeight":656},"settings":{"styles":{"rows":10,"width":"1224px","row-gap":"16px","row-size":"48px","column-gap":"24px","block-padding":"16px 0px 16px 0px","m-block-padding":"60px 16px 60px 16px","oldContentWidth":"1600px"}},"zindexes":["ztt8rZ","z1YYLB","zAUI0w"],"background":{"color":"var(--colors-light)","current":"color"},"components":["zAUI0w","z1YYLB","ztt8rZ"]},"zrlyTE":{"type":"BlockLayout","mobile":{"minHeight":2111},"desktop":{"minHeight":1655},"settings":{"styles":{"rows":26,"width":"1224px","row-gap":"16px","row-size":"48px","column-gap":"24px","block-padding":"16px 0px 16px 0px","m-block-padding":"60px 16px 138px 16px","oldContentWidth":"1600px"}},"zindexes":["zbPSce","zga6wp","zZaUgY"],"background":{"color":"var(--colors-light)","current":"color"},"components":["zbPSce","zga6wp","zZaUgY"]},"ztIhP7":{"type":"BlockLayout","mobile":{"minHeight":1004},"desktop":{"minHeight":1012},"settings":{"styles":{"rows":16,"width":"1224px","row-gap":"16px","row-size":"48px","column-gap":"24px","block-padding":"0px 0px 0px 0px","m-block-padding":"36px 0px 0px 0px","oldContentWidth":"1600px"}},"zindexes":["zERq3U","zpQU46","ziFjgL","zekQ9y","zx2Npe"],"background":{"path":null,"color":"rgb(30, 38, 37)","image":null,"origin":null,"current":"color"},"components":["ziFjgL","zpQU46","zx2Npe","zekQ9y","zERq3U"]},"zzrJUA":{"type":"BlockLayout","mobile":{"minHeight":1737},"desktop":{"minHeight":1440},"settings":{"styles":{"rows":21,"width":"1224px","row-gap":"16px","row-size":"48px","column-gap":"24px","block-padding":"16px 0px 16px 0px","m-block-padding":"60px 16px 138px 16px","oldContentWidth":"1600px"}},"zindexes":["zR-4vh","zVAyhc","zQJgBy"],"background":{"color":"var(--colors-light)","current":"color"},"components":["zR-4vh","zVAyhc","zQJgBy"]}},"elements":{"z0naLO":{"type":"GridImage","mobile":{"top":36,"left":98,"width":187,"height":49},"target":"_self","desktop":{"top":27,"left":0,"width":184,"height":48},"linkType":"internal","settings":{"alt":"","path":"logo-dOq0Xev8QECl4yxO.svg","origin":"assets","styles":{"align":"center","justify":"center","m-width":"45.11873350923483%","m-align-self":"center","m-element-margin":"0 0 24px 0"},"clickAction":"link"},"linkedPageId":"home","fullResolutionWidth":184,"fullResolutionHeight":48},"z169jn":{"type":"GridImage","mobile":{"top":469,"left":0,"width":382,"height":548},"target":"_self","desktop":{"top":0,"left":0,"width":606,"height":816},"settings":{"alt":"","path":"modern-trendy-fashion-social-media-facebook-post-1-YKbLL70R7MS6WlkL.png","origin":"assets","styles":{"align":"center","justify":"center","m-width":"90.20172910662824%","m-align-self":"center","border-radius":"5%","m-element-margin":"0 0 16px 0"}},"fullResolutionWidth":940,"fullResolutionHeight":788},"z1YYLB":{"type":"GridTextBox","mobile":{"top":98,"left":0,"width":382,"height":170},"content":"<h2><span style=\"color: rgb(0, 0, 0)\">Easily </span><span style=\"color: var(--colors-primary)\">handle </span><span style=\"color: rgb(0, 0, 0)\">too many files</span></h2><p class=\"body\"><span style=\"color: rgb(0, 0, 0)\">You can easily handle all of your data in history and delete or create new ones.</span></p>","desktop":{"top":208,"left":721,"width":503,"height":237},"settings":{"styles":{"text":"left","align":"flex-start","justify":"flex-start","m-element-margin":"0 0 24px 0"}}},"z3fvyB":{"type":"GridForm","formId":"subscribeForm","mobile":{"top":92,"left":0,"width":382,"height":140},"desktop":{"top":159,"left":515,"width":709,"height":147},"settings":{"theme":"light","schema":[{"id":"Qy8CZ_OPIxxZsS8uYC7kf","svg":"align-left-short","tag":"input","name":"email","type":"GridInput","fieldType":"short-answer","inputLabel":"Email address","validation":[["bail"],["email"],["required"]],"placeholder":"Your email address","validation-messages":{"email":"Please enter a valid email address","required":"This field is required"}}],"styles":{"text":"left","align":"space-between","justify":"center","formSpacing":"22px 10px","m-element-margin":"0 0 99px 0"},"successMessage":"Thank you!"},"innerBackground":{"color":"var(--colors-light)","image":"","current":""},"submitButtonData":{"type":"GridButton","content":"Submit","settings":{"type":"primary","styles":{"align":"start","position":"8/8/9/10"},"isFormButton":true}}},"z5fhvR":{"type":"GridTextBox","mobile":{"top":218,"left":0,"width":382,"height":74},"content":"<h1><span style=\"color: var(--colors-light); text-transform: [object Object]\">340+</span></h1>","desktop":{"top":80,"left":927,"width":297,"height":118},"settings":{"styles":{"text":"center","align":"flex-start","justify":"flex-start","m-element-margin":"0 0 0px 0"}}},"zAUI0w":{"type":"GridTextBox","mobile":{"top":60,"left":0,"width":382,"height":24},"content":"<h6><span style=\"color: var(--colors-primary); text-transform: [object Object]\">#3</span></h6>","desktop":{"top":144,"left":721,"width":503,"height":24},"settings":{"styles":{"text":"left","align":"flex-start","justify":"flex-start","m-element-margin":"0 0 15px 0"}}},"zBSWFG":{"type":"GridTextBox","mobile":{"top":291,"left":0,"width":382,"height":24},"content":"<h6><span style=\"color: var(--colors-light); text-transform: [object Object]\">Happy users</span></h6>","desktop":{"top":211,"left":412,"width":400,"height":24},"settings":{"styles":{"text":"center","align":"flex-start","justify":"flex-start","m-element-margin":"0 0 70px 0"}}},"zD7AJL":{"type":"GridTextBox","mobile":{"top":208,"left":0,"width":345,"height":51},"content":"<p class=\"body\"><span style=\"color: rgb(0, 0, 0)\">This App protects you from any digital connection while sharing your file with anyone.</span></p>","desktop":{"top":335,"left":721,"width":503,"height":51},"settings":{"styles":{"text":"left","align":"flex-start","justify":"flex-start","m-width":"90.20172910662824%","m-element-margin":"0 0 60px 0"}}},"zERq3U":{"type":"GridImage","mobile":{"top":533,"left":0,"width":382,"height":389},"target":"_self","desktop":{"top":0,"left":515,"width":709,"height":731},"settings":{"alt":"","rel":"","href":"","path":"modern-trendy-fashion-social-media-facebook-post-dOqrrwwyn8spxzbM.png","origin":"assets","styles":{"align":"center","justify":"center","m-width":"86.54353562005277%","m-align-self":"center","m-element-margin":"0 0 16px 0"},"target":"_self","clickAction":"none"},"fullResolutionWidth":940,"fullResolutionHeight":788},"zH7F5w":{"type":"GridImage","mobile":{"top":372,"left":0,"width":382,"height":316},"target":"_self","desktop":{"top":50,"left":0,"width":606,"height":496},"settings":{"alt":"","path":"red-and-black-minimal-mobile-code-logo-ALp00znXlOsaoQPV.png","origin":"assets","styles":{"align":"center","justify":"center","border-radius":"5%","m-element-margin":"0 0 16px 0"}},"fullResolutionWidth":500,"fullResolutionHeight":500},"zKpEkr":{"type":"GridTextBox","mobile":{"top":79,"left":0,"width":382,"height":24},"content":"<h6><span style=\"color: var(--colors-secondary); text-transform: [object Object]\">REVIEWS</span></h6>","desktop":{"top":108,"left":309,"width":606,"height":24},"settings":{"styles":{"text":"center","align":"flex-start","justify":"flex-end","m-element-margin":"0 0 15px 0"}}},"zM1u98":{"type":"GridSocialIcons","links":[{"svg":"<svg width=\"24\" height=\"24\" viewBox=\"0 0 24 24\" fill=\"none\" xmlns=\"http://www.w3.org/2000/svg\"><path d=\"M21.5331 7.11165C21.5483 7.32484 21.5483 7.53807 21.5483 7.75126C21.5483 14.2538 16.5991 21.7462 7.55333 21.7462C4.7665 21.7462 2.17768 20.9391 0 19.5381C0.395955 19.5838 0.776628 19.599 1.18782 19.599C3.48728 19.599 5.60407 18.8224 7.29444 17.4975C5.13199 17.4518 3.31979 16.0356 2.69542 14.0863C3.00001 14.132 3.30456 14.1624 3.62439 14.1624C4.066 14.1624 4.50766 14.1015 4.9188 13.9949C2.66499 13.538 0.974582 11.5584 0.974582 9.1675V9.10661C1.62938 9.47209 2.39087 9.70052 3.19792 9.73094C1.87304 8.84767 1.00505 7.34007 1.00505 5.63447C1.00505 4.72078 1.24866 3.88321 1.67508 3.15224C4.09642 6.13702 7.73605 8.08623 11.8172 8.29946C11.7411 7.93398 11.6954 7.55331 11.6954 7.17259C11.6954 4.46189 13.8883 2.25378 16.6142 2.25378C18.0304 2.25378 19.3096 2.84769 20.2081 3.80709C21.3198 3.5939 22.3858 3.18271 23.33 2.61927C22.9644 3.76143 22.1878 4.72082 21.1675 5.32992C22.1574 5.22337 23.1168 4.9492 24 4.56853C23.3301 5.54311 22.4924 6.4111 21.5331 7.11165Z\" fill=\"currentColor\"/></svg>","icon":"twitter","link":"https://twitter.com/"},{"svg":"<svg width=\"24\" height=\"24\" viewBox=\"0 0 24 24\" fill=\"none\" xmlns=\"http://www.w3.org/2000/svg\"><path d=\"M24 12.0726C24 5.44354 18.629 0.0725708 12 0.0725708C5.37097 0.0725708 0 5.44354 0 12.0726C0 18.0619 4.38823 23.0264 10.125 23.9274V15.5414H7.07661V12.0726H10.125V9.4287C10.125 6.42144 11.9153 4.76031 14.6574 4.76031C15.9706 4.76031 17.3439 4.99451 17.3439 4.99451V7.94612H15.8303C14.34 7.94612 13.875 8.87128 13.875 9.82015V12.0726H17.2031L16.6708 15.5414H13.875V23.9274C19.6118 23.0264 24 18.0619 24 12.0726Z\" fill=\"currentColor\"/></svg>","icon":"facebook","link":"https://www.facebook.com/"},{"svg":"<svg width=\"24\" height=\"24\" viewBox=\"0 0 24 24\" fill=\"none\" xmlns=\"http://www.w3.org/2000/svg\">\n<path d=\"M12.0027 5.84808C8.59743 5.84808 5.85075 8.59477 5.85075 12C5.85075 15.4053 8.59743 18.1519 12.0027 18.1519C15.4079 18.1519 18.1546 15.4053 18.1546 12C18.1546 8.59477 15.4079 5.84808 12.0027 5.84808ZM12.0027 15.9996C9.80212 15.9996 8.00312 14.2059 8.00312 12C8.00312 9.7941 9.79677 8.00046 12.0027 8.00046C14.2086 8.00046 16.0022 9.7941 16.0022 12C16.0022 14.2059 14.2032 15.9996 12.0027 15.9996ZM19.8412 5.59644C19.8412 6.39421 19.1987 7.03135 18.4062 7.03135C17.6085 7.03135 16.9713 6.38885 16.9713 5.59644C16.9713 4.80402 17.6138 4.16153 18.4062 4.16153C19.1987 4.16153 19.8412 4.80402 19.8412 5.59644ZM23.9157 7.05277C23.8247 5.13063 23.3856 3.42801 21.9775 2.02522C20.5747 0.622429 18.8721 0.183388 16.9499 0.0870135C14.9689 -0.0254238 9.03112 -0.0254238 7.05008 0.0870135C5.1333 0.178034 3.43068 0.617075 2.02253 2.01986C0.614389 3.42265 0.180703 5.12527 0.0843279 7.04742C-0.0281093 9.02845 -0.0281093 14.9662 0.0843279 16.9472C0.175349 18.8694 0.614389 20.572 2.02253 21.9748C3.43068 23.3776 5.12794 23.8166 7.05008 23.913C9.03112 24.0254 14.9689 24.0254 16.9499 23.913C18.8721 23.822 20.5747 23.3829 21.9775 21.9748C23.3803 20.572 23.8193 18.8694 23.9157 16.9472C24.0281 14.9662 24.0281 9.03381 23.9157 7.05277ZM21.3564 19.0728C20.9388 20.1223 20.1303 20.9307 19.0755 21.3537C17.496 21.9802 13.7481 21.8356 12.0027 21.8356C10.2572 21.8356 6.50396 21.9748 4.92984 21.3537C3.88042 20.9361 3.07195 20.1276 2.64897 19.0728C2.02253 17.4934 2.16709 13.7455 2.16709 12C2.16709 10.2546 2.02789 6.50129 2.64897 4.92717C3.06659 3.87776 3.87507 3.06928 4.92984 2.6463C6.50931 2.01986 10.2572 2.16443 12.0027 2.16443C13.7481 2.16443 17.5014 2.02522 19.0755 2.6463C20.1249 3.06392 20.9334 3.8724 21.3564 4.92717C21.9828 6.50665 21.8383 10.2546 21.8383 12C21.8383 13.7455 21.9828 17.4987 21.3564 19.0728Z\" fill=\"currentColor\"/>\n</svg>\n","icon":"instagram","link":"https://www.instagram.com/hash_files"}],"mobile":{"top":528,"left":0,"width":124,"height":20},"desktop":{"top":318,"left":0,"width":124,"height":20},"settings":{"styles":{"icon-size":"20px","icon-color":"var(--colors-dark)","icon-spacing":"space-around","icon-direction":"row","icon-color-hover":"#3a3a3a","space-between-icons":"32px"},"useBrandColors":false}},"zNfJDB":{"href":"https://www.apple.com/app-store/","type":"GridButton","mobile":{"top":409,"left":5,"width":134,"height":44},"target":"_blank","content":"App Store","desktop":{"top":543,"left":911,"width":151,"height":51},"linkType":"external","settings":{"type":"secondary","styles":{"align":"flex-start","justify":"center","m-width":"89.70976253298153%","m-align-self":"center","m-element-margin":"0 0 16px 0"}}},"zQ8HIo":{"type":"GridTextBox","mobile":{"top":377,"left":0,"width":348,"height":320},"content":"<p class=\"body-large\" style=\"\"><span style=\"color: var(--colors-light); text-transform: [object Object]\"><strong>Easy to use</strong></span></p><p class=\"body\" style=\"\"><span style=\"color: var(--colors-light); text-transform: [object Object]\">I've used all of the personal finance apps on the market, and found that most have a hard time syncing my various bank accounts and cards real-time, leaving me guessing sometimes for days. Blick was a pleasant surprise! The team has really worked hard to ensure instant syncronization with most of the mainstream banks and lenders. Impressed!  </span></p><p class=\"body-small\" style=\"\"><span style=\"color: var(--colors-light); text-transform: [object Object]\"><em>- Anna Jenkins</em></span></p>","desktop":{"top":312,"left":103,"width":400,"height":294},"settings":{"styles":{"text":"left","align":"flex-start","justify":"flex-start","m-width":"91.06628242074927%","m-align-self":"flex-start","m-element-margin":"0 0 80px 0"}}},"zQDUPd":{"type":"GridTextBox","mobile":{"top":208,"left":0,"width":338,"height":51},"content":"<p class=\"body\"><span style=\"color: rgb(0, 0, 0)\">You can download your files using your unique ID No matter where you are.</span></p>","desktop":{"top":400,"left":0,"width":503,"height":51},"settings":{"styles":{"text":"left","align":"flex-start","justify":"flex-start","m-width":"88.47262247838617%","m-element-margin":"0 0 60px 0"}}},"zQJgBy":{"type":"GridButton","mobile":{"top":1633,"left":0,"width":179,"height":44},"target":"_self","content":"Go back to home","desktop":{"top":1260,"left":0,"width":202,"height":51},"linkType":"internal","settings":{"type":"primary","styles":{"align":"flex-start","justify":"center","m-element-margin":"0 0 16px 0"}},"linkedPageId":"home"},"zR-4vh":{"type":"GridTextBox","mobile":{"top":60,"left":0,"width":382,"height":43},"content":"<h2><span style=\"color: rgb(0, 0, 0); text-transform: [object Object]\">Privacy </span><span style=\"color: var(--colors-primary); text-transform: [object Object]\">policy</span></h2>","desktop":{"top":80,"left":0,"width":709,"height":77},"settings":{"styles":{"text":"left","align":"flex-start","justify":"flex-start","m-width":"76.94524495677233%","m-element-margin":"0 0 24px 0"}}},"zURBdw":{"type":"GridImage","mobile":{"top":240,"left":0,"width":111,"height":111},"target":"_self","desktop":{"top":312,"left":0,"width":91,"height":112},"settings":{"alt":"","path":"client_1-YbN5DPpnlMHbBOlN.png","origin":"assets","styles":{"align":"center","justify":"center","m-width":"111px","m-align-self":"flex-start","border-radius":"5%","m-element-margin":"0 0 16px 0"}},"fullResolutionWidth":435,"fullResolutionHeight":436},"zVAyhc":{"type":"GridTextBox","mobile":{"top":127,"left":0,"width":382,"height":1465},"content":"<p class=\"body\" style=\"\"><span style=\"color: var(--colors-accent-2); text-transform: [object Object]\"><strong>Blick website is owned by </strong></span><span style=\"color: var(--colors-primary); text-transform: [object Object]\"><strong>Blick Co. Ltd</strong></span><span style=\"color: var(--colors-accent-2); text-transform: [object Object]\"><strong>, which is a data controller of your personal data.</strong><br><br>We have adopted this Privacy Policy, which determines how we are processing the information collected by Feyer, which also provides the reasons why we must collect certain personal data of you. Therefore, you must read this Privacy Policy before using Feyer website.<br>We take care of your personal data and undertake to guarantee its confidentiality and security.<br>PERSONAL INFORMATION WE COLLECT:<br><br>When you visit the Feyer, we automatically collect certain information about your device, including information about your web browser, IP address, time zone, and some of the installed cookies on your device. Additionally, as you browse the Site, we collect information about the individual web pages or products you view, what websites or search terms referred you to the Site, and how you interact with the Site. We refer to this automatically-collected information as “Device Information.” Moreover, we might collect the personal date you provide to us (including, but not limited to Name, Surname, Address, payment information, etc.) during registration to be able to fulfill the agreement.</span><br></p><p class=\"body\" style=\"\"><span style=\"color: var(--colors-accent-2); text-transform: [object Object]\"><strong>Why do we process </strong></span><span style=\"color: var(--colors-primary); text-transform: [object Object]\"><strong>your data</strong></span><span style=\"color: var(--colors-accent-2); text-transform: [object Object]\"><strong>?</strong><br><br>Our top priority is customer data security and, as such, we may process only minimal user data, only as much as it is absolutely necessary to maintain the website. Information collected automatically is used only to identify potential cases of abuse and establish statistical information regarding website usage. This statistical information is not otherwise aggregated in such a way that it would identify any particular user of the system.<br><br>You can visit the website without telling us who you are or revealing any information, by which someone could identify you as a specific, identifiable individual. If, however, you wish to use some of the website’s features, or you wish to receive our newsletter or provide other details by filling a form, you may provide personal data to us, such as your email, name, last name, city of residence, organization, telephone number. You can choose not to provide us with your personal data, but then you may not be able to take advantage of some of the website’s features, for example, you won’t be able to receive our Newsletter or contact us directly from the website. Users who are uncertain about what information is mandatory are welcome to contact us via <em><a target=\"_blank\" href=\"mailto:yourwebsitename@name.com\">yourwebsitename@name.com</a>.</em></span></p>","desktop":{"top":272,"left":0,"width":709,"height":902},"settings":{"styles":{"text":"left","align":"flex-start","justify":"flex-start","m-width":"90.20172910662824%","m-element-margin":"0 0 60px 0"}}},"zWvrt0":{"type":"GridTextBox","mobile":{"top":379,"left":0,"width":382,"height":109},"content":"<h6><span style=\"color: rgb(0, 0, 0)\">Making your share easy.</span></h6><p class=\"body\"><br><span style=\"color: var(--colors-dark)\"><a target=\"_self\" href=\"/privacy-policy\" download=\"false\" data-page-id=\"zbVoF2\">Privacy policy<br></a><a target=\"_self\" href=\"/terms-and-conditions\" download=\"false\" data-page-id=\"zSbp7u\">Terms &amp; Conditions</a></span></p>","desktop":{"top":147,"left":0,"width":297,"height":109},"settings":{"styles":{"text":"left","align":"flex-start","justify":"flex-start","m-element-margin":"0 0 40px 0"}}},"zZaUgY":{"type":"GridButton","mobile":{"top":1997,"left":0,"width":179,"height":44},"target":"_self","content":"Go back to home","desktop":{"top":1490,"left":0,"width":202,"height":51},"linkType":"internal","settings":{"type":"primary","styles":{"align":"flex-start","justify":"center","m-element-margin":"0 0 16px 0"}},"linkedPageId":"home"},"za1PQ1":{"type":"GridTextBox","mobile":{"top":98,"left":0,"width":316,"height":86},"content":"<h2><span style=\"color: rgb(0, 0, 0)\">Your files  </span><span style=\"color: var(--colors-primary)\">anywhere</span></h2>","desktop":{"top":208,"left":0,"width":503,"height":154},"settings":{"styles":{"text":"left","align":"flex-start","justify":"flex-start","m-width":"82.70893371757924%","m-element-margin":"0 0 24px 0"}}},"zbPSce":{"type":"GridTextBox","mobile":{"top":60,"left":0,"width":382,"height":43},"content":"<h2><span style=\"color: rgb(0, 0, 0); text-transform: [object Object]\">Terms &amp; </span><span style=\"color: var(--colors-primary); text-transform: [object Object]\">conditions</span></h2>","desktop":{"top":80,"left":0,"width":709,"height":77},"settings":{"styles":{"text":"left","align":"flex-start","justify":"flex-start","m-width":"76.94524495677233%","m-element-margin":"0 0 24px 0"}}},"zcJcEm":{"type":"GridTextBox","mobile":{"top":98,"left":0,"width":294,"height":86},"content":"<h2><span style=\"color: rgb(0, 0, 0)\">Make Digital </span><span style=\"color: var(--colors-primary)\">Distance</span></h2>","desktop":{"top":144,"left":721,"width":503,"height":154},"settings":{"styles":{"text":"left","align":"flex-start","justify":"flex-start","m-width":"76.94524495677233%","m-element-margin":"0 0 24px 0"}}},"zclvOC":{"type":"GridImage","mobile":{"top":36,"left":98,"width":187,"height":49},"target":"_self","desktop":{"top":23,"left":0,"width":184,"height":48},"linkType":"internal","settings":{"alt":"","path":"logo-dOq0Xev8QECl4yxO.svg","origin":"assets","styles":{"align":"center","justify":"center","m-width":"45.11873350923483%","m-align-self":"center","m-element-margin":"0 0 24px 0"},"clickAction":"link"},"linkedPageId":"home","fullResolutionWidth":184,"fullResolutionHeight":48},"zekQ9y":{"href":"https://assets.zyrosite.com/YyvEqzKqbyFj7rZ0/modern-trendy-fashion-social-media-facebook-post-1-YKbLL70R7MS6WlkL.png","type":"GridButton","mobile":{"top":478,"left":3,"width":164,"height":44},"content":"Download now","desktop":{"top":705.5,"left":0,"width":194,"height":51},"linkType":"download","settings":{"type":"primary","styles":{"align":"flex-start","justify":"flex-end","m-width":"90.76517150395779%","m-align-self":"center","m-element-margin":"0 0 35px 0"}}},"zf1Gfa":{"type":"GridImage","mobile":{"top":322,"left":0,"width":176,"height":57},"target":"_self","desktop":{"top":72,"crop":{"top":50,"left":100,"scale":"1.16"},"left":0,"width":248,"height":64},"settings":{"alt":"","path":"hashfiles-8-mxBEEy6rOQi7laga.png","origin":"assets","styles":{"align":"center","justify":"center","m-width":"33.14121037463977%","m-element-margin":"0 0 16px 0"},"clickAction":"none"},"fullResolutionWidth":2560,"fullResolutionHeight":1440},"zfzi_q":{"type":"GridTextBox","mobile":{"top":60,"left":0,"width":382,"height":24},"content":"<h6><span style=\"color: var(--colors-primary); text-transform: [object Object]\">#2</span></h6>","desktop":{"top":144,"left":0,"width":503,"height":24},"settings":{"styles":{"text":"left","align":"flex-start","justify":"flex-start","m-element-margin":"0 0 15px 0"}}},"zg47jk":{"type":"GridImage","mobile":{"top":397,"left":0,"width":382,"height":316},"target":"_self","desktop":{"top":80,"left":618,"width":606,"height":496},"settings":{"alt":"","path":"red-and-black-minimal-mobile-code-logo-3-YX4WWOxlzVFOD8ak.png","origin":"assets","styles":{"align":"center","justify":"center","border-radius":"5%","m-element-margin":"0 0 16px 0"}},"fullResolutionWidth":600,"fullResolutionHeight":500},"zgE1qk":{"type":"GridTextBox","mobile":{"top":118,"left":17.5,"width":347,"height":43},"content":"<h2><span style=\"color: var(--colors-light); text-transform: [object Object]\">What do they say?</span></h2>","desktop":{"top":146,"left":206,"width":812,"height":77},"settings":{"styles":{"text":"center","align":"flex-start","justify":"flex-start","m-width":"90.76517150395779%","m-align-self":"center","m-element-margin":"0 0 59px 0"}}},"zga6wp":{"type":"GridTextBox","mobile":{"top":148,"left":0,"width":382,"height":1798},"content":"<p class=\"body\" style=\"\"><span style=\"color: var(--colors-accent-2); text-transform: [object Object]\"><strong>Welcome!</strong></span></p><p class=\"body\" style=\"\"><span style=\"color: var(--colors-accent-2); text-transform: [object Object]\">These terms and conditions outline the rules and regulations for the use of Blick's Website, located at <a target=\"_blank\" href=\"http://example-website.com.By\">example-website.com</a>. By accessing this website, we assume you accept these terms and conditions. Do not continue to use Blick if you do not agree to take all of the terms and conditions stated on this page.</span></p><p class=\"body\" style=\"\"><span style=\"color: var(--colors-accent-2); text-transform: [object Object]\"><strong>Cookies</strong></span></p><p class=\"body\" style=\"\"><span style=\"color: var(--colors-accent-2); text-transform: [object Object]\">The website uses cookies to help personalize your online experience. By accessing Blick, you agreed to use the required cookies. A cookie is a text file that is placed on your hard disk by a web page server. Cookies cannot be used to run programs or deliver viruses to your computer. Cookies are uniquely assigned to you and can only be read by a web server in the domain that issued the cookie to you. We may use cookies to collect, store, and track information for statistical or marketing purposes to operate our website. You have the ability to accept or decline optional Cookies. There are some required Cookies that are necessary for the operation of our website. These cookies do not require your consent as they always work. Please keep in mind that by accepting required Cookies, you also accept third-party Cookies, which might be used via third-party provided services if you use such services on our website, for example, a video display window provided by third parties and integrated into our website.</span></p><p class=\"body\" style=\"\"><span style=\"color: var(--colors-accent-2); text-transform: [object Object]\"><strong>License</strong></span></p><p class=\"body\" style=\"\"><span style=\"color: var(--colors-accent-2); text-transform: [object Object]\">Unless otherwise stated, Blick and/or its licensors own the intellectual property rights for all material on Blick. All intellectual property rights are reserved. You may access this from Blick for your own personal use subjected to restrictions set in these terms and conditions.</span></p><p class=\"body\" style=\"\"><span style=\"color: var(--colors-accent-2); text-transform: [object Object]\"><strong>You must not</strong></span></p><p class=\"body\" style=\"\"><span style=\"color: var(--colors-accent-2); text-transform: [object Object]\">Copy or republish material from Blick Sell, rent, or sub-license material from Blick. Reproduce, duplicate or copy material from Blick. Redistribute content from Blick.</span></p><p class=\"body\" style=\"\"><span style=\"color: var(--colors-accent-2); text-transform: [object Object]\">Parts of this website offer users an opportunity to post and exchange opinions and information in certain areas of the website. Blick does not filter, edit, publish or review Comments before their presence on the website. Comments do not reflect the views and opinions of Blick, its agents, and/or affiliates. Comments reflect the views and opinions of the person who posts their views and opinions. To the extent permitted by applicable laws, Blick shall not be liable for the Comments or any liability, damages, or expenses caused and/or suffered as a result of any use of and/or posting of and/or appearance of the Comments on this website.</span></p><p class=\"body\" style=\"\"><span style=\"color: var(--colors-accent-2); text-transform: [object Object]\">Blick reserves the right to monitor all Comments and remove any Comments that can be considered inappropriate, offensive, or causes breach of these Terms and Conditions.</span></p>","desktop":{"top":272,"left":0,"width":709,"height":1133},"settings":{"styles":{"text":"left","align":"flex-start","justify":"flex-start","m-width":"90.20172910662824%","m-element-margin":"0 0 60px 0"}}},"ziFjgL":{"type":"GridImage","mobile":{"top":36,"left":91,"width":200,"height":74},"target":"_self","desktop":{"top":28,"crop":{"top":50,"left":50,"scale":"1.11"},"left":0,"width":242,"height":85},"settings":{"alt":"","path":"hashfiles-11-AE0553NMrRf8KaDn.png","origin":"assets","styles":{"align":"center","justify":"center","m-width":"45.11873350923483%","m-align-self":"center","m-element-margin":"0 0 77px 0"},"clickAction":"none"},"fullResolutionWidth":1000,"fullResolutionHeight":488},"ziWgKB":{"type":"GridTextBox","mobile":{"top":385,"left":0,"width":382,"height":74},"content":"<h1><span style=\"color: var(--colors-light); text-transform: [object Object]\">230k</span></h1>","desktop":{"top":80,"left":412,"width":400,"height":118},"settings":{"styles":{"text":"center","align":"flex-start","justify":"flex-start","m-element-margin":"0 0 0px 0"}}},"zn86UL":{"type":"GridTextBox","mobile":{"top":459,"left":0,"width":382,"height":24},"content":"<h6><span style=\"color: var(--colors-light); text-transform: [object Object]\">Supported lenders</span></h6>","desktop":{"top":211,"left":927,"width":297,"height":24},"settings":{"styles":{"text":"center","align":"flex-start","justify":"flex-start","m-element-margin":"0 0 32px 0"}}},"zpNF_L":{"type":"GridImage","mobile":{"top":761,"left":0,"width":117,"height":117},"target":"_self","desktop":{"top":312,"left":721,"width":91,"height":112},"settings":{"alt":"","path":"client_2-Y4LgEjNy3VikGNOb.png","origin":"assets","styles":{"align":"center","justify":"center","m-width":"30.547550432276655%","m-align-self":"flex-start","border-radius":"5%","m-element-margin":"0 0 16px 0"}},"fullResolutionWidth":435,"fullResolutionHeight":436},"zpQU46":{"type":"GridTextBox","mobile":{"top":166,"left":0,"width":382,"height":228},"content":"<h1><span style=\"color: var(--colors-light)\">A way to share your </span><span style=\"color: var(--colors-secondary)\">files</span></h1>","desktop":{"top":188.5,"left":0,"width":606,"height":355},"settings":{"styles":{"text":"left","align":"flex-start","justify":"flex-start","m-width":"92.61213720316623%","m-align-self":"center","m-element-margin":"0 0 12px 0"}}},"zpoCr1":{"type":"GridTextBox","mobile":{"top":88,"left":3,"width":376,"height":221},"content":"<h2><span style=\"color: var(--colors-light); text-transform: [object Object]\"><strong>What are you waiting for?</strong></span></h2><p class=\"body\" style=\"\"><span style=\"color: var(--colors-light); text-transform: [object Object]\">There's no better time to take control of your finances. With Blick's powerful categorization and visualization tools you'll actually stick to your budget.  </span></p>","desktop":{"top":192,"left":721,"width":503,"height":262},"settings":{"styles":{"text":"left","align":"flex-start","justify":"flex-start","m-width":"90.76517150395779%","m-align-self":"center","m-element-margin":"0 0 40px 0"}}},"zpxWOi":{"href":"https://play.google.com/store","type":"GridButton","mobile":{"top":349,"left":4,"width":148,"height":44},"target":"_blank","content":"Google Play","desktop":{"top":543,"left":721,"width":167,"height":51},"linkType":"external","settings":{"type":"primary","styles":{"align":"flex-start","justify":"center","m-width":"90.23746701846966%","m-align-self":"center","m-element-margin":"0 0 16px 0"}}},"zqJnIg":{"type":"GridTextBox","mobile":{"top":52,"left":0,"width":382,"height":24},"content":"<h6><span style=\"color: var(--colors-dark); text-transform: [object Object]\"><strong>Subscribe to our newsletter</strong></span></h6>","desktop":{"top":104,"left":515,"width":709,"height":24},"settings":{"styles":{"text":"left","align":"flex-start","justify":"flex-end","m-element-margin":"0 0 16px 0"}}},"zst2Gi":{"type":"GridTextBox","mobile":{"top":60,"left":0,"width":382,"height":24},"content":"<h6><span style=\"color: var(--colors-primary); text-transform: [object Object]\">#1</span></h6>","desktop":{"top":80,"left":721,"width":503,"height":24},"settings":{"styles":{"text":"left","align":"flex-start","justify":"flex-start","m-element-margin":"0 0 15px 0"}}},"ztJoMQ":{"type":"GridTextBox","mobile":{"top":50,"left":0,"width":382,"height":74},"content":"<h1><span style=\"color: var(--colors-light); text-transform: [object Object]\">15</span></h1>","desktop":{"top":80,"left":0,"width":297,"height":118},"settings":{"styles":{"text":"center","align":"flex-start","justify":"flex-start","m-element-margin":"0 0 0px 0"}}},"ztt8rZ":{"type":"GridImage","mobile":{"top":344,"left":0,"width":382,"height":316},"target":"_self","desktop":{"top":79,"left":0,"width":606,"height":496},"settings":{"alt":"","path":"red-and-black-minimal-mobile-code-logo-4-AE0559W4vqiPl31v.png","origin":"assets","styles":{"align":"center","justify":"center","border-radius":"5%","m-element-margin":"0 0 16px 0"}},"fullResolutionWidth":600,"fullResolutionHeight":500},"zx2Npe":{"type":"GridTextBox","mobile":{"top":393,"left":4,"width":374,"height":51},"content":"<p class=\"body\"><span style=\"color: var(--colors-light)\">The new way to share your file without digital interaction.</span></p>","desktop":{"top":576,"left":0,"width":400,"height":51},"settings":{"styles":{"text":"left","align":"flex-start","justify":"flex-start","m-width":"90.23746701846966%","m-align-self":"center","m-element-margin":"0 0 33px 0"}}},"zxZAjQ":{"type":"GridTextBox","mobile":{"top":913,"left":0,"width":344,"height":320},"content":"<p class=\"body-large\" style=\"\"><span style=\"color: var(--colors-light); text-transform: [object Object]\"><strong>Amazed by great results!</strong></span></p><p class=\"body\" style=\"\"><span style=\"color: var(--colors-light); text-transform: [object Object]\">I rely on my budgeting spreadsheet since it helps me organize my spending data into meaningful charts and tables. That's why I've been comprehensive about switching to a personal finance app, as I found that the data presentation was usually lacking at best. Lo and behold, Blick was the only app that made the cut!</span></p><p class=\"body-small\" style=\"\"><span style=\"color: var(--colors-light); text-transform: [object Object]\"><em>- Danny Lores</em></span></p>","desktop":{"top":312,"left":824,"width":400,"height":269},"settings":{"styles":{"text":"left","align":"flex-start","justify":"flex-start","m-width":"89.9736147757256%","m-align-self":"flex-start","m-element-margin":"0 0 29px 0"}}},"zzYEVU":{"type":"GridTextBox","mobile":{"top":124,"left":0,"width":382,"height":24},"content":"<h6><span style=\"color: var(--colors-light); text-transform: [object Object]\">Team members</span></h6>","desktop":{"top":211,"left":0,"width":297,"height":24},"settings":{"styles":{"text":"center","align":"flex-start","justify":"flex-start","m-element-margin":"0 0 70px 0"}}}},"homePageId":"home","isNavHidden":true}},"blogCategories":{},"siteId":"YyvEqzKqbyFj7rZ0"}